"Process_Message_Code_Key","Message_Notification"
"At Will Document Request","Document has been requested at will for the student."
"ISIR Review Process Initiated Message","Your ISIR has been selected for ISIR Review due to C-Codes, Reject Codes, Assumptions or Discrepancies with your Student Record."
"ISIR is Valid Message","Your ISIR has been finalized and will be used to determine your Financial Aid eligibility for funding."
"PJ Completed Messaging","Your Professional Judgement request has been completed."
"PJ Review Initiated Messaging","Your Professional Judgement request is under review."