"Professional_Judgement_Type_Name","Professional_Judgement_Type_Code","Aid_Year","PJ_Initiating_Document","PJ_Initation_Condition","PJ_Special_Case_Flag","Required_Document"
"Professional Judgement","PJApp","2017-2018","PJApp","return true;","true",""
"Professional Judgement","PJApp","2018-2019","PJApp","return true;","true",""
"Professional Judgement","PJApp","2019-2020","PJApp","return true;","true",""
"Professional Judgement","PJApp","2020-2021","PJApp","return true;","true",""
"Professional Judgement","PJApp","2021-2022","PJApp","return true;","true",""
"Professional Judgement","PJApp","2022-2023","PJApp","return true;","true",""