"OPEID","Enrollment_Statuses","Academic_Statuses","Admission_Statuses","High_School_Equivalence","BBAY_Start_Date_Offset","Course_Start_Date_Offset","Aid_Year","Effective_Start_Date"
"00000005~00306400","F|H|L|A|X|G|W|AC|AM","RG - Regular|AP - Academic Probation","RG - Regular|AM - Admitted|PV - Provisional","false","180","180","2017-2018","2017-01-01"
"00000005~00306400","F|H|L|A|X|G|W|AC|AM","RG - Regular|AP - Academic Probation","RG - Regular|AM - Admitted|PV - Provisional","false","180","180","2018-2019","2018-01-01"
"00000005~00306400","F|H|L|A|X|G|W|AC|AM","RG - Regular|AP - Academic Probation","RG - Regular|AM - Admitted|PV - Provisional","false","180","180","2019-2020","2019-01-01"
"00000005~00306400","F|H|L|A|X|G|W|AC|AM","RG - Regular|AP - Academic Probation","RG - Regular|AM - Admitted|PV - Provisional","false","180","180","2020-2021","2020-01-01"
"00000005~00306400","F|H|L|A|X|G|W|AC|AM","RG - Regular|AP - Academic Probation","RG - Regular|AM - Admitted|PV - Provisional","false","180","180","2021-2022","2021-01-01"
"00000005~00306400","F|H|L|A|X|G|W|AC|AM","RG - Regular|AP - Academic Probation","RG - Regular|AM - Admitted|PV - Provisional","false","180","180","2022-2023","2022-01-01"